Payment Allowance Limits for Medicare Part B Drugs,,,,,,,,,,,,
,,,,,,,,,,,,
"Effective July 1, 2026 through September 30, 2026",,,,,,,,,,,,
,,,,,,,,,,,,
Note 1: Payment allowance limits subject to the ASP methodology are based on 1Q26 ASP data.,,,,,,,,,,,,
Note 2: The absence or presence of a HCPCS code and the payment allowance limits in this table does not indicate whether Medicare covers a drug.  These determinations shall be made by the local Medicare contractor processing the claim.,,,,,,,,,,,,
,,,,,,,,,,,,
,,,,,,,,,,,,
HCPCS Code,Short Description,HCPCS Code Dosage,Payment Limit,Co-insurance Percentage,Vaccine AWP%,Vaccine Limit,Blood AWP%,Blood limit,Clotting Factor,Notes,,
90371,Hep b ig im,1 ML,136.952,20.000,,,,,,,,
90375,Rabies ig im/sc,150 IU,281.185,20.000,,,,,,,,
90377,Rabies ig ht&sol human im/sc,150 IU,243.198,20.000,,,,,,,,
90632,Hepa vaccine adult im,1 ML,75.735,20.000,,,,,,,,
90653,Iiv adjuvant vaccine im,0.5 ML,98.160,0.000,95,98.160,,,,see the Seasonal Influenza Vaccines Pricing webpage for current payment limits and effective dates,,
90656,IIV3 VACC NO PRSV 0.5 ML IM,0.5 ML,23.215,0.000,95,23.215,,,,see the Seasonal Influenza Vaccines Pricing webpage for current payment limits and effective dates,,
90657,IIV3 VACCINE SPLT 0.25 ML IM,0.25 ML,11.034,0.000,95,11.034,,,,see the Seasonal Influenza Vaccines Pricing webpage for current payment limits and effective dates,,
90658,IIV3 VACCINE SPLT 0.5 ML IM,0.5 ML,22.069,0.000,95,22.069,,,,see the Seasonal Influenza Vaccines Pricing webpage for current payment limits and effective dates,,
90660,LAIV3 Vaccine Intranasal ,0.2 ML,29.714,0.000,95,29.714,,,,see the Seasonal Influenza Vaccines Pricing webpage for current payment limits and effective dates,,
90661,CCIIV3 VACCINE NO PRSC 0.5ML IM,0.5 ML,49.495,0.000,95,49.495,,,,see the Seasonal Influenza Vaccines Pricing webpage for current payment limits and effective dates,,
90662,Iiv no prsv increased ag im,0.5 ML,98.160,0.000,95,98.160,,,,see the Seasonal Influenza Vaccines Pricing webpage for current payment limits and effective dates,,
90671,PCV15 vaccine IM,1 EA,269.306,0.000,95,269.306,,,,,,
90673,Riv3 vaccine no preserv im,0.5 ML,98.160,0.000,95,98.160,,,,see the Seasonal Influenza Vaccines Pricing webpage for current payment limits and effective dates,,
90675,Rabies vaccine im,1 ML,331.977,20.000,,,,,,,,
90677,Pcv20 vaccine im,0.5 ML,341.001,0.000,95,341.001,,,,,,
90684,PCV21 VACCINE IM,0.5 ML,344.252,0.000,95,344.252,,,,,,
90714,Td vacc no presv 7 yrs+ im,0.5 ML,40.664,20.000,,,,,,,,
90715,Tdap vaccine 7 yrs/> im,0.5 ML,40.290,20.000,,,,,,,,
90732,Ppsv23 vacc 2 yrs+ subq/im,0.5 ML,133.472,0.000,95,133.472,,,,,,
90739,Hepb vacc 2 dose adult im,1 DOSE,188.210,0.000,95,188.210,,,,,,
90740,Hepb vacc 3 dose immunsup im,40 MCG,170.943,0.000,95,170.943,,,,,,
90743,"Hep b vacc, adol, 2 dose, im",1 DOSE,75.145,0.000,95,75.145,,,,,,
90744,Hepb vacc 3 dose ped/adol im,1 DOSE,33.220,0.000,95,33.220,,,,,,
90746,Hepb vaccine 3 dose adult im,20 MCG,75.145,0.000,95,75.145,,,,,,
90747,Hepb vacc 4 dose immunsup im,40 MCG,170.943,0.000,95,170.943,,,,,,
91304,SARSCOV2 VAC 5MCG/0.5ML IM,0.5 ML,191.919,0.000,95,191.919,,,,See COVID-19 vaccine pricing webpage for payment effective dates,,
91319,SARSCV2 VAC 10MCG TRS-SUC IM,0.3 ML,94.802,0.000,95,94.802,,,,See COVID-19 vaccine pricing webpage for payment effective dates,,
91320,SARSCV2 VAC 30MCG TRS-SUC IM,0.3 ML,168.367,0.000,95,168.367,,,,See COVID-19 vaccine pricing webpage for payment effective dates,,
91321,SARSCOV2 VAC 25 MCG/.25ML IM,0.25 ML,147.060,0.000,95,147.060,,,,See COVID-19 vaccine pricing webpage for payment effective dates,,
91322,SARSCOV2 VAC 50 MCG/0.5ML IM,0.5 ML,161.652,0.000,95,161.652,,,,See COVID-19 vaccine pricing webpage for payment effective dates,,
91323,SARSCOV2 VAC 10 MCG/0.2ML IM ,10 MCG,201.913,0.000,95,201.913,,,,See COVID-19 vaccine pricing webpage for payment effective dates,,
A9573,"Inj, gadopiclenol, 1 ml",1 ML,3.152,20.000,,,,,,,,
A9575,Inj gadoterate meglumi 0.1ml,0.1 ML,0.090,20.000,,,,,,,,
A9576,Inj prohance multipack,1 ML,1.369,20.000,,,,,,,,
A9577,Inj multihance,1 ML,1.791,20.000,,,,,,,,
A9578,Inj multihance multipack,1 ML,1.697,20.000,,,,,,,,
A9579,"Gad-base mr contrast nos,1ml",1 ML,1.435,20.000,,,,,,,,
A9581,Gadoxetate disodium inj,1 ML,14.752,20.000,,,,,,,,
A9585,Gadobutrol injection,0.1 ML,0.262,20.000,,,,,,,,
A9589,Insti hexaminolevulinate hcl,100 MG,1432.336,20.000,,,,,,,,
A9606,Radium ra223 dichloride ther,1 microCurie,N/A,20.000,,,,,,"microCurie 100% AWP = $212.84
microCurie 100% WAC = $177.37",,
J0121,"Inj., omadacycline, 1 mg",1 MG,4.188,19.524,,,,,,Inflation-adjusted coinsurance,,
J0122,"Inj., eravacycline, 1 mg",1 MG,1.381,18.331,,,,,,Inflation-adjusted coinsurance,,
J0129,Abatacept injection,10 MG,45.859,20.000,,,,,,"""lesser of"" methodology applied",,
J0131,"Inj, acetaminophen (nos)",10 MG,0.050,20.000,,,,,,,,
J0132,Acetylcysteine injection,100 MG,0.389,20.000,,,,,,,,
J0133,Acyclovir injection,5 MG,0.035,20.000,,,,,,,,
J0134,Inj acetaminophen -fresenius,10 MG,0.050,20.000,,,,,,,,
J0136,"Inj, acetaminophen (b braun)",10 MG,0.047,20.000,,,,,,,,
J0137,"Inj, acetaminophen (hikma)",10 MG,0.048,20.000,,,,,,,,
J0138,Inj acetaminoph 10mg/ibu 3mg,10 MG/3MG,0.092,20.000,,,,,,,,
J0153,Adenosine inj 1mg,1 MG,0.394,20.000,,,,,,,,
J0162,Inj epinephrine (fresenius),0.1 MG,0.361,20.000,,,,,,,,
J0163,Epinephrine in nacl (endo),0.1 MG,0.605,20.000,,,,,,,,
J0164,Epinephrine in nacl (baxter),0.1 MG,0.912,20.000,,,,,,,,
J0165,Inj epinephrine nos 0.1 mg,0.1 MG,0.234,20.000,,,,,,,,
J0166,Inj epinephrine (bpi),0.1 MG,0.669,20.000,,,,,,,,
J0167,Inj epinephrine (hospira),0.1 MG,1.422,20.000,,,,,,,,
J0168,Epinephrine (intl med sys),0.1 MG,2.555,20.000,,,,,,,,
J0169,Inj epinephrine (adrenalin),0.1 MG,0.783,20.000,,,,,,,,
J0174,"Inj, lecanemab-irmb, 1 mg",1 MG,1.342,20.000,,,,,,,,
J0175,"Inj, donanemab-azbt, 2 mg",2 MG,4.165,20.000,,,,,,,,
J0177,"Inj, aflibercept hd, 1 mg",1 MG,298.683,20.000,,,,,,,,
J0178,Aflibercept injection,1 MG,743.605,20.000,,,,,,,,
J0179,"Inj, brolucizumab-dbll, 1 mg",1 MG,359.713,20.000,,,,,,,,
J0180,Agalsidase beta injection,1 MG,232.720,20.000,,,,,,,,
J0185,"Inj., aprepitant, 1 mg",1 MG,1.591,20.000,,,,,,,,
J0202,"Injection, alemtuzumab",1 MG,2544.937,20.000,,,,,,,,
J0206,Inj allopurinol sodium 1 mg,1 MG,4.074,20.000,,,,,,,,
J0217,Inj velmanase alfa-tycv 1 mg,1 MG,479.191,18.829,,,,,,Inflation-adjusted coinsurance,,
J0218,Inj olipudase alfa-rpcp 1mg,1 MG,404.947,20.000,,,,,,,,
J0219,Inj aval alfa-nqpt 4mg,4 MG,83.945,20.000,,,,,,,,
J0221,Lumizyme injection,10 MG,211.128,20.000,,,,,,,,
J0222,"Inj., patisiran, 0.1 mg",0.1 MG,101.026,20.000,,,,,,,,
J0223,Inj givosiran 0.5 mg,0.5 MG,120.915,20.000,,,,,,,,
J0224,"Inj. lumasiran, 0.5 mg",0.5 MG,336.974,20.000,,,,,,,,
J0225,"Inj, vutrisiran, 1 mg",1 MG,5012.599,20.000,,,,,,,,
J0248,"Inj, remdesivir, 1 mg",1 MG,7.511,16.980,,,,,,Inflation-adjusted coinsurance,,
J0256,Alpha 1 proteinase inhibitor,10 MG,5.133,20.000,,,,,,,,
J0257,Glassia injection,10 MG,5.583,20.000,,,,,,,,
J0278,Amikacin sulfate injection,100 MG,0.614,20.000,,,,,,,,
J0280,Aminophyllin 250 mg inj,250 MG,11.160,20.000,,,,,,,,
J0281,Inj aminocaproic acid 1 gram,1 GM,1.866,20.000,,,,,,,,
J0282,Amiodarone hcl,30 MG,0.400,20.000,,,,,,,,
J0283,"Inj, amiodarone (nexterone)",30 MG,2.358,13.162,,,,,,Inflation-adjusted coinsurance,,
J0285,Amphotericin b,50 MG,41.918,20.000,,,,,,,,
J0289,Amphotericin b liposome inj,10 MG,19.845,20.000,,,,,,,,
J0290,Ampicillin 500 mg inj,500 MG,0.614,20.000,,,,,,,,
J0291,"Inj., plazomicin, 5 mg",5 MG,3.519,20.000,,,,,,,,
J0295,Ampicillin sulbactam 1.5 gm,1.5 GM,1.451,20.000,,,,,,,,
J0348,Anidulafungin injection,1 MG,0.486,20.000,,,,,,,,
J0349,"Inj, rezafungin, 1 mg",1 MG,10.998,19.465,,,,,,Inflation-adjusted coinsurance,,
J0360,Hydralazine hcl injection,20 MG,3.395,20.000,,,,,,,,
J0401,"Inj, abilify maintena, 1 mg",1 MG,7.462,19.716,,,,,,Inflation-adjusted coinsurance,,
J0402,"Inj, abilify asimtufii, 1 mg",1 MG,6.185,20.000,,,,,,,,
J0456,Azithromycin,500 MG,1.889,20.000,,,,,,,,
J0457,"Injection, aztreonam, 100 mg",100 MG,2.271,20.000,,,,,,,,
J0458,Aztreonam/avibactam 10 mg,10 MG,1.773,20.000,,,,,,,,
J0461,Atropine sulfate injection,0.01 MG,0.112,20.000,,,,,,,,
J0462,"Atropine sulf, nte, 0.01 mg",0.01 MG,0.127,20.000,,,,,,,,
J0463,Inj atropine (fresenius te),0.01 MG,0.017,20.000,,,,,,,,
J0475,Baclofen 10 mg injection,10 MG,186.106,20.000,,,,,,,,
J0476,Baclofen intrathecal trial,50 MCG,43.840,20.000,,,,,,,,
J0480,Basiliximab,20 MG,4905.049,20.000,,,,,,,,
J0485,Belatacept injection,1 MG,3.885,20.000,,,,,,,,
J0490,Belimumab injection,10 MG,58.296,20.000,,,,,,,,
J0491,Inj anifrolumab-fnia 1mg,1 MG,18.508,20.000,,,,,,,,
J0500,Dicyclomine injection,20 MG,8.520,20.000,,,,,,,,
J0515,Inj benztropine mesylate,1 MG,13.537,20.000,,,,,,,,
J0517,"Inj., benralizumab, 1 mg",1 MG,165.563,20.000,,,,,,"""lesser of"" methodology applied",,
J0558,Peng benzathine/procaine inj,"100,000 UNITS",19.523,15.338,,,,,,Inflation-adjusted coinsurance,,
J0561,Penicillin g benzathine inj,"100,000 UNITS",32.592,11.593,,,,,,Inflation-adjusted coinsurance,,
J0577,"Inj, brixadi, 7 days or less",Less than or equal to 7 days of therapy ,430.576,19.842,,,,,,Inflation-adjusted coinsurance,,
J0578,"Inj brixadi, more than 7 day",Greater than 7 days and up to 28 days of therapy ,1722.305,19.842,,,,,,Inflation-adjusted coinsurance,,
J0582,Bivalirudin (endo) 1 mg,1 MG,0.157,20.000,,,,,,,,
J0583,Bivalirudin,1 MG,0.166,20.000,,,,,,,,
J0584,"Injection, burosumab-twza 1m",1 MG,513.371,17.876,,,,,,Inflation-adjusted coinsurance,,
J0585,"Injection,onabotulinumtoxina",1 UNIT,6.506,20.000,,,,,,,,
J0586,Abobotulinumtoxina,5 Unit,8.946,20.000,,,,,,,,
J0587,"Inj, rimabotulinumtoxinb",100 UNITS,13.287,20.000,,,,,,,,
J0588,Incobotulinumtoxin a,1 UNIT,5.285,20.000,,,,,,,,
J0589,Inj daxibotulinumtoxina-lanm,1 UNIT,3.067,20.000,,,,,,,,
J0592,Buprenorphine hydrochloride,0.1 MG,4.474,20.000,,,,,,,,
J0593,"Inj., lanadelumab-flyo, 1 mg",1 mg,88.216,20.000,,,,,,,,
J0594,Busulfan injection,1 MG,1.033,20.000,,,,,,,,
J0595,Butorphanol tartrate 1 mg,1 MG,10.508,20.000,,,,,,,,
J0596,"Injection, ruconest",10 UNITS,37.832,19.885,,,,,,Inflation-adjusted coinsurance,,
J0597,"C-1 esterase, berinert",10 UNITS,79.262,18.038,,,,,,Inflation-adjusted coinsurance,,
J0598,"C-1 esterase, cinryze",10 UNITS,66.753,20.000,,,,,,,,
J0600,Edetate calcium disodium inj,1000 MG,6189.487,20.000,,,,,,,,
J0612,"Inj, calcium gluconate, nos",10 MG,0.027,20.000,,,,,,,,
J0613,Calcium glucon (wg critical),10 MG,0.050,20.000,,,,,,,,
J0614,"Inj, treosulfan, 50 mg",50 MG,32.330,20.000,,,,,,,,
J0616,Inj metoprolol tartrate 1 mg,1 MG,0.155,20.000,,,,,,,,
J0637,Caspofungin acetate,5 MG,2.879,20.000,,,,,,,,
J0638,Canakinumab injection,1 MG,156.541,18.336,,,,,,Inflation-adjusted coinsurance,,
J0640,Leucovorin calcium injection,50 MG,2.932,20.000,,,,,,,,
J0641,Inj levoleucovorin nos 0.5mg,0.5 MG,0.049,20.000,,,,,,,,
J0642,"Injection, khapzory, 0.5 mg",0.5 MG,1.302,20.000,,,,,,,,
J0650,"Inj, levothyroxine nos 10mcg",10 MCG,5.096,20.000,,,,,,,,
J0651,"Inj, levothyroxine, freskabi",10 MCG,6.836,20.000,,,,,,,,
J0652,"Inj, levothyroxine, hikma",10 MCG,6.315,20.000,,,,,,,,
J0665,"Inj, bupivacaine, nos, 0.5mg",0.5 MG,0.011,20.000,,,,,,,,
J0666,"Inj, bupivacaine liposome",1 MG,1.454,20.000,,,,,,,,
J0670,Inj mepivacaine hcl/10 ml,10 ML,4.147,20.000,,,,,,,,
J0681,Inj ceftobipole medocarl 3mg,3 MG,1.098,20.000,,,,,,Added July 2026,,
J0687,Inj cefazolin (wg crit care),500 MG,0.631,20.000,,,,,,,,
J0688,"Inj cefazolin sodium, hikma",500 MG,0.847,20.000,,,,,,,,
J0689,"Inj cefazolin sodium, baxter",500 MG,1.290,20.000,,,,,,,,
J0690,Cefazolin sodium injection,500 MG,0.796,20.000,,,,,,,,
J0692,Cefepime hcl for injection,500 MG,1.296,20.000,,,,,,,,
J0694,Cefoxitin sodium injection,1 GM,4.285,20.000,,,,,,,,
J0695,Inj ceftolozane tazobactam,75mg (50mg cft/25mg taz),10.038,16.442,,,,,,Inflation-adjusted coinsurance,,
J0696,Ceftriaxone sodium injection,250 MG,0.404,20.000,,,,,,,,
J0697,Sterile cefuroxime injection,750 MG,2.044,20.000,,,,,,,,
J0699,"Inj, cefiderocol, 10 mg",10 mg,2.548,19.627,,,,,,Inflation-adjusted coinsurance,,
J0701,Inj. cefepime hcl (baxter),500 MG,6.027,7.794,,,,,,Inflation-adjusted coinsurance,,
J0702,Betamethasone acet&sod phosp,3 MG & 3 MG,7.126,20.000,,,,,,,,
J0703,"Inj, cefepime hcl (b braun)",500 MG,4.479,10.488,,,,,,Inflation-adjusted coinsurance,,
J0712,Ceftaroline fosamil inj,10 MG,4.390,20.000,,,,,,,,
J0713,Inj ceftazidime per 500 mg,500 MG,1.443,20.000,,,,,,,,
J0714,Ceftazidime and avibactam,.625 GM,109.768,20.000,,,,,,,,
J0717,Certolizumab pegol inj 1mg,1 MG,3.444,20.000,,,,,,"""lesser of"" methodology applied",,
J0725,Chorionic gonadotropin/1000u,1000 UNITS,15.069,20.000,,,,,,,,
J0735,Clonidine hydrochloride,1 MG,15.077,20.000,,,,,,,,
J0736,"Inj, clindamycin phosp 300mg",300 MG,1.974,20.000,,,,,,,,
J0737,"Inj, clindamycin (baxter)",300 MG,2.186,20.000,,,,,,,,
J0738,"Hiv prep, inj, lenacapavir",1 MG,16.081,0.000,,,,,,HIV PrEP drug,,
J0739,"Hiv prep, inj, cabotegravir",1 mg,7.294,0.000,,,,,,HIV PrEP drug,,
J0740,Cidofovir injection,375 MG,535.735,20.000,,,,,,,,
J0741,"Inj, cabote rilpivir 2mg 3mg",2MG/3MG,24.667,20.000,,,,,,,,
J0742,Inj imip 4 cilas 4 releb 2mg,4 MG-4 MG-2 MG,2.691,20.000,,,,,,,,
J0743,Cilastatin sodium injection,250 MG,6.517,20.000,,,,,,,,
J0744,Ciprofloxacin iv,200 MG,1.720,20.000,,,,,,,,
J0750,"Hiv prep, ftc/tdf 200/300mg",200 mg/300 mg,0.453,0.000,,,,,,HIV PrEP drug,,
J0751,"Hiv prep, ftc/taf 200/25mg",200 mg/25 mg,71.427,0.000,,,,,,HIV PrEP drug,,
J0752,"Hiv prep, oral lenacapavir",300 MG,620.909,0.000,,,,,,HIV PrEP drug,,
J0759,"Inj, clevidipine, 1 mg",1 MG,2.837,20.000,,,,,,,,
J0770,Colistimethate sodium inj,150 MG,14.494,20.000,,,,,,,,
J0775,"Collagenase, clost hist inj",0.01 MG,78.299,17.278,,,,,,Inflation-adjusted coinsurance,,
J0780,Prochlorperazine injection,10 MG,2.762,20.000,,,,,,,,
J0791,Inj crizanlizumab-tmca 5mg,5 MG,129.937,20.000,,,,,,,,
J0801,Inj. acthar gel to 40 units,40 UNITS,4133.449,20.000,,,,,,,,
J0802,"Inj. (ani), up to 40 units",up to 40 Units,3674.678,20.000,,,,,,,,
J0834,"Inj., cosyntropin, 0.25 mg",0.25 MG,18.384,20.000,,,,,,,,
J0840,Crotalidae poly immune fab,UP TO 1 GM,1906.906,20.000,,,,,,,,
J0850,Cytomegalovirus imm iv /vial,PER VIAL,1858.821,20.000,,,,,,,,
J0870,"Injection, imetelstat, 1 mg",1 MG,59.531,19.269,,,,,,Inflation-adjusted coinsurance,,
J0872,Daptomycin (xellia) unrefrig,1 MG,0.042,20.000,,,,,,,,
J0873,Inj daptomycin (xellia),1 MG,0.045,20.000,,,,,,,,
J0874,"Inj, daptomycin (baxter)",1 MG,0.060,20.000,,,,,,,,
J0875,"Injection, dalbavancin",5 MG,11.293,20.000,,,,,,,,
J0877,"Inj, daptomycin (hospira)",1 MG,0.057,20.000,,,,,,,,
J0878,Daptomycin injection,1 MG,0.029,20.000,,,,,,AMP-based payment limit,,
J0881,"Darbepoetin alfa, non-esrd",1 MCG,2.920,20.000,,,,,,,,
J0882,"Darbepoetin alfa, esrd use",1 MCG,2.920,20.000,,,,,,,,
J0883,Argatroban nonesrd use 1mg,1 MG,0.864,20.000,,,,,,,,
J0884,Argatroban esrd dialysis 1mg,1 MG,0.864,20.000,,,,,,,,
J0885,"Epoetin alfa, non-esrd",1000 UNITS,6.876,20.000,,,,,,,,
J0887,Epoetin beta esrd use,1 MCG,1.090,20.000,,,,,,,,
J0888,Epoetin beta non esrd,1 MCG,1.090,20.000,,,,,,,,
J0894,Decitabine injection,1 MG,1.064,20.000,,,,,,,,
J0895,Deferoxamine mesylate inj,500 MG,10.020,20.000,,,,,,,,
J0896,Inj luspatercept-aamt 0.25mg,0.25 MG,43.514,20.000,,,,,,,,
J0897,Denosumab injection,1 MG,30.101,17.326,,,,,,Inflation-adjusted coinsurance,,
J0898,Argatroban nonesrd (auromed),1 MG,1.214,20.000,,,,,,,,
J0899,"Argatroban dialysis, auromed",1 MG,1.214,20.000,,,,,,,,
J0901,Vadadustat oral 1mg for esrd,1 MG,0.137,20.000,,,,,,,,
J1000,Depo-estradiol cypionate inj,5 MG,53.811,20.000,,,,,,,,
J1010,"Inj, methylpred acetate 1 mg",1 MG,0.117,20.000,,,,,,,,
J1071,Inj testosterone cypionate,1 MG,0.025,20.000,,,,,,,,
J1072,"Inj, testosterone, azmiro",1 MG,1.296,20.000,,,,,,,,
J1096,Dexametha opth insert 0.1 mg,0.1 MG,90.019,20.000,,,,,,,,
J1100,Dexamethasone sodium phos,1 MG,0.085,20.000,,,,,,,,
J1110,Inj dihydroergotamine mesylt,1 MG,54.978,20.000,,,,,,,,
J1120,Acetazolamid sodium injectio,500 MG,28.127,20.000,,,,,,,,
J1160,Digoxin injection,0.5 MG,3.911,20.000,,,,,,,,
J1162,Digoxin immune fab (ovine),PER VIAL,5383.321,19.070,,,,,,Inflation-adjusted coinsurance,,
J1163,"Inj, diltiazem hcl, 0.5 mg",0.5 MG,0.028,20.000,,,,,,,,
J1164,Inj diltiazem in 0.72% nacl,0.5 MG,0.176,20.000,,,,,,,,
J1165,Phenytoin sodium injection,50 MG,0.545,20.000,,,,,,,,
J1171,"Inj, hydromorphone, 0.1 mg",0.1 MG,0.136,20.000,,,,,,,,
J1190,Dexrazoxane hcl injection,250 MG,41.441,20.000,,,,,,,,
J1200,Diphenhydramine hcl injectio,50 MG,0.752,20.000,,,,,,,,
J1201,Inj. cetirizine hcl 0.5mg,0.5 MG,17.156,20.000,,,,,,,,
J1203,"Inj, cipaglucosidase, 5 mg",5 MG,96.302,19.304,,,,,,Inflation-adjusted coinsurance,,
J1205,Chlorothiazide sodium inj,500 MG,77.771,20.000,,,,,,,,
J1212,Dimethyl sulfoxide 50% 50 ml,50 ML,748.879,20.000,,,,,,,,
J1230,Methadone injection,10 MG,12.707,20.000,,,,,,,,
J1240,Dimenhydrinate injection,50 MG,8.638,20.000,,,,,,,,
J1245,Dipyridamole injection,10 MG,8.410,20.000,,,,,,,,
J1250,Inj dobutamine hcl/250 mg,250 MG,7.691,20.000,,,,,,,,
J1265,Dopamine injection,40 MG,1.012,20.000,,,,,,,,
J1270,"Injection, doxercalciferol",1 MCG,0.325,20.000,,,,,,,,
J1271,Inj doxycycline hyclate 1 mg,1 MG,0.087,20.000,,,,,,,,
J1290,Ecallantide injection,1 MG,595.944,20.000,,,,,,,,
J1299,"Inj, eculizumab, 2 mg",2 MG,44.198,20.000,,,,,,,,
J1301,"Injection, edaravone, 1 mg",1 MG,6.463,20.000,,,,,,,,
J1302,"Inj, sutimlimab-jome, 10 mg",10 MG,19.642,19.482,,,,,,Inflation-adjusted coinsurance,,
J1303,"Inj., ravulizumab-cwvz 10 mg",10 MG,226.920,20.000,,,,,,,,
J1304,Inj tofersen intrathec 1 mg,1 MG,164.816,19.475,,,,,,Inflation-adjusted coinsurance,,
J1305,"Inj, evinacumab-dgnb, 5mg",5 MG,197.633,20.000,,,,,,,,
J1306,"Injection, inclisiran, 1 mg",1 MG,12.905,20.000,,,,,,,,
J1307,"Inj, crovalimab-akkz, 10 mg",10 MG,551.512,20.000,,,,,,,,
J1308,"Inj, famotidine, 0.25 mg",0.25 MG,0.008,20.000,,,,,,,,
J1322,"Elosulfase alfa, injection",1 MG,319.517,19.467,,,,,,Inflation-adjusted coinsurance,,
J1323,"Inj, elranatamab-bcmm, 1 mg",1 MG,192.482,19.956,,,,,,Inflation-adjusted coinsurance,,
J1325,Epoprostenol injection,0.5 MG,16.918,20.000,,,,,,,,
J1326,"Inj, zolbetuximab-clzb, 2 mg",2 MG,33.924,20.000,,,,,,,,
J1335,Ertapenem injection,500 MG,6.750,20.000,,,,,,,,
J1364,Erythro lactobionate /500 mg,500 MG,172.479,20.000,,,,,,,,
J1380,Estradiol valerate 10 mg inj,10 MG,7.702,20.000,,,,,,,,
J1410,Inj estrogen conjugate 25 mg,25 MG,401.503,20.000,,,,,,,,
J1430,Ethanolamine oleate 100 mg,100 MG,547.271,20.000,,,,,,,,
J1434,"Inj, focinvez, 1mg",1 MG,2.456,20.000,,,,,,,,
J1437,Inj. fe derisomaltose 10 mg,10 MG,21.077,20.000,,,,,,,,
J1439,Inj ferric carboxymaltos 1mg,1 MG,1.132,20.000,,,,,,,,
J1440,Fecal microbiota jslm 1 ml,1 ML,65.604,20.000,,,,,,,,
J1442,Inj filgrastim excl biosimil,1 MCG,1.006,20.000,,,,,,,,
J1447,Inj tbo filgrastim 1 microg,1 MCG,0.236,20.000,,,,,,,,
J1448,"Injection, trilaciclib, 1mg",1 MG,5.463,20.000,,,,,,,,
J1449,Inj eflapegrastim-xnst 0.1mg,0.1 MG,38.562,17.914,,,,,,Inflation-adjusted coinsurance,,
J1450,Fluconazole,200 MG,6.105,20.000,,,,,,,,
J1453,Fosaprepitant injection,1 MG,0.123,20.000,,,,,,,,
J1454,"Inj fosnetupitant, palonoset",0.25 MG,503.848,20.000,,,,,,,,
J1455,Foscarnet sodium injection,1000 MG,8.355,20.000,,,,,,,,
J1456,"Inj, fosaprepitant (teva)",1 MG,0.036,20.000,,,,,,,,
J1458,Galsulfase injection,1 MG,525.967,19.458,,,,,,Inflation-adjusted coinsurance,,
J1459,Inj ivig privigen 500 mg,500 MG,51.218,20.000,,,,,,,,
J1460,Gamma globulin 1 cc inj,1 CC,48.874,20.000,,,,,,,,
J1551,Inj cutaquig 100 mg,100 MG,14.030,20.000,,,,,,,,
J1552,"Inj, alyglo, 500 mg",500 MG,121.544,20.000,,,,,,,,
J1553,Inj yimmugo 100 mg,100 MG,24.145,20.000,,,,,,,,
J1554,Inj. asceniv,500 MG,509.139,20.000,,,,,,,,
J1555,"Inj cuvitru, 100 mg",100 MG,18.147,19.472,,,,,,Inflation-adjusted coinsurance,,
J1556,"Inj, imm glob bivigam, 500mg",500 MG,81.241,20.000,,,,,,,,
J1557,Gammaplex injection,500 MG,66.272,20.000,,,,,,,,
J1558,"Inj. xembify, 100 mg",100 MG,15.243,20.000,,,,,,,,
J1559,Hizentra injection,100 MG,14.883,18.769,,,,,,Inflation-adjusted coinsurance,,
J1560,Gamma globulin > 10 cc inj,10 CC,162.519,20.000,,,,,,,,
J1561,Gamunex-c/gammaked,500 MG,49.014,20.000,,,,,,,,
J1566,"Immune globulin, powder",500 MG,80.961,20.000,,,,,,,,
J1568,Octagam injection,500 MG,47.056,20.000,,,,,,,,
J1569,Gammagard liquid injection,500 MG,49.303,20.000,,,,,,,,
J1570,Ganciclovir sodium injection,500 MG,31.464,20.000,,,,,,,,
J1571,Hepagam b im injection,0.5 ML,65.610,20.000,,,,,,,,
J1573,"Hepagam b intravenous, inj",0.5 ML,65.610,20.000,,,,,,,,
J1575,Hyqvia 100mg immuneglobulin,100 MG,18.347,20.000,,,,,,,,
J1576,"Inj, panzyga, 500 mg",500 MG,71.346,19.247,,,,,,Inflation-adjusted coinsurance,,
J1580,Garamycin gentamicin inj,80 MG,1.925,20.000,,,,,,,,
J1596,"Inj, glycopyrrolate, 0.1 mg",0.1 MG,0.365,20.000,,,,,,,,
J1597,"Inj glycopyrrolate, glyrx-pf",0.1 MG,1.317,20.000,,,,,,,,
J1598,Inj glycopyrrolate fres kabi,0.1 MG,1.342,20.000,,,,,,,,
J1602,Golimumab for iv use 1mg,1 MG,11.035,20.000,,,,,,,,
J1610,Glucagon hydrochloride/1 mg,1 MG,117.331,20.000,,,,,,,,
J1611,"Inj glucagon hcl, fresenius",1 MG,129.281,20.000,,,,,,,,
J1612,Inj glucagon (gvoke) 0.01 mg,0.01 MG,1.799,20.000,,,,,,,,
J1626,Granisetron hcl injection,100 MCG,0.199,20.000,,,,,,,,
J1627,"Inj, granisetron, xr, 0.1 mg",0.1 MG,3.217,20.000,,,,,,,,
J1628,"Inj., guselkumab, 1 mg",1 MG,66.920,20.000,,,,,,,,
J1630,Haloperidol injection,5 MG,0.746,20.000,,,,,,,,
J1631,Haloperidol decanoate inj,50 MG,5.291,20.000,,,,,,,,
J1640,"Hemin, 1 mg",1 MG,35.821,18.358,,,,,,Inflation-adjusted coinsurance,,
J1642,Inj heparin sodium per 10 u,10 UNITS,0.018,20.000,,,,,,,,
J1643,"Inj heparin, pfizer, 1000u",1000 UNITS,1.711,20.000,,,,,,,,
J1644,Inj heparin sodium per 1000u,1000 UNITS,0.199,20.000,,,,,,,,
J1645,Dalteparin sodium,2500 IU,48.413,4.433,,,,,,Inflation-adjusted coinsurance,,
J1650,Inj enoxaparin sodium,10 MG,0.536,20.000,,,,,,,,
J1652,Fondaparinux sodium,0.5 MG,0.925,20.000,,,,,,,,
J1670,Tetanus immune globulin inj,250 UNITS,595.017,20.000,,,,,,,,
J1720,Hydrocortisone sodium succ i,100 MG,23.056,20.000,,,,,,,,
J1740,Ibandronate sodium injection,1 MG,45.154,20.000,,,,,,,,
J1741,Ibuprofen injection,100 MG,3.252,19.049,,,,,,Inflation-adjusted coinsurance,,
J1743,Idursulfase injection,1 MG,570.043,20.000,,,,,,,,
J1745,Infliximab not biosimil 10mg,10 MG,31.479,20.000,,,,,,,,
J1746,"Inj., ibalizumab-uiyk, 10 mg",10 MG,79.512,20.000,,,,,,,,
J1747,"Inj, spesolimab-sbzo, 1 mg",1 MG,65.728,20.000,,,,,,,,
J1749,"Inj, iloprost, 0.1 mcg",0.1 MCG,5.651,20.000,,,,,,,,
J1750,Inj iron dextran,50 MG,18.993,20.000,,,,,,,,
J1756,Iron sucrose injection,1 MG,0.227,20.000,,,,,,,,
J1786,Imuglucerase injection,10 UNITS,43.326,20.000,,,,,,,,
J1790,Droperidol injection,up to 5 MG,8.124,20.000,,,,,,,,
J1805,"Inj, esmolol hcl, 10mg",10 MG,0.230,20.000,,,,,,,,
J1806,Inj esmolol hcl wg crit care,10 MG,0.196,20.000,,,,,,,,
J1808,"Inj, folic acid, 0.1 mg",0.1 MG,0.051,20.000,,,,,,,,
J1809,"Inj, fosdenopterin, 0.1mg",0.1 MG,17.736,20.000,,,,,,,,
J1811,Fiasp for insulin pump use,50 UNITS,1.727,20.000,,,,,,,,
J1813,Lyumjev for insulin pump use,50 UNITS,4.802,20.000,,,,,,,,
J1817,Insulin for insulin pump use,50 UNITS,3.062,20.000,,,,,,,,
J1823,"Inj. inebilizumab-cdon, 1 mg",1 MG,510.652,20.000,,,,,,,,
J1836,"Inj, metronidazole, 10 mg",10 MG,0.033,20.000,,,,,,,,
J1837,"Inj, posaconazole, 1 mg",1 MG,0.342,20.000,,,,,,,,
J1885,Ketorolac tromethamine inj,15 MG,0.286,20.000,,,,,,,,
J1920,"Inj, labetalol hcl, 5mg",5 MG,0.218,20.000,,,,,,,,
J1921,"Inj labetalol hcl hikma, 5mg",5 MG,0.906,20.000,,,,,,,,
J1930,Lanreotide injection,1 MG,37.428,20.000,,,,,,,,
J1931,Laronidase injection,0.1 MG,41.487,20.000,,,,,,,,
J1932,"Inj, lanreotide, (cipla) 1mg",1 MG,20.330,20.000,,,,,,,,
J1938,"Inj, furosemide, 1 mg",1 MG,0.018,20.000,,,,,,,,
J1939,"Inj, bumetanide, 0.5 mg",0.5 MG,0.498,20.000,,,,,,,,
J1943,"Inj., aristada initio, 1 mg",1 MG,3.461,20.000,,,,,,,,
J1944,Aripiprazole lauroxil 1 mg,1 MG,3.557,20.000,,,,,,,,
J1950,Leuprolide acetate /3.75 mg,3.75 MG,1841.261,17.659,,,,,,Inflation-adjusted coinsurance,,
J1951,Inj fensolvi 0.25 mg,0.25 MG,145.311,20.000,,,,,,,,
J1952,"Leuprolide inj, camcevi, 1mg",1 mg,42.059,20.000,,,,,,AMP-based payment limit,,
J1953,Levetiracetam injection,10 MG,0.032,20.000,,,,,,,,
J1954,Inj leu acet lutr dpt 7.5 mg,7.5 MG,687.287,13.461,,,,,,Inflation-adjusted coinsurance,,
J1955,Inj levocarnitine per 1 gm,1 GM,22.607,20.000,,,,,,,,
J1956,Levofloxacin injection,250 MG,1.909,20.000,,,,,,,,
J1961,Inj lenacapavir (hiv tx) 1mg,1 MG,22.936,20.000,,,,,,,,
J2002,"Inj, lidocaine in d5w, 1 mg",1 MG,0.003,20.000,,,,,,,,
J2010,Lincomycin injection,300 MG,4.234,20.000,,,,,,,,
J2020,Linezolid injection,200 MG,2.268,20.000,,,,,,,,
J2021,"Inj, linezolid (hospira)",200 MG,34.175,20.000,,,,,,,,
J2060,Lorazepam injection,2 MG,2.302,20.000,,,,,,,,
J2151,"Inj, mannitol, 250 mg",250 MG,0.071,20.000,,,,,,,,
J2175,Meperidine hydrochl /100 mg,100 MG,6.339,20.000,,,,,,,,
J2182,"Injection, mepolizumab, 1mg",1 MG,32.281,20.000,,,,,,,,
J2183,Inj meropenem (wg crit care),100 MG,1.408,20.000,,,,,,,,
J2184,"Inj, meropenem (b. braun)",100 MG,1.867,10.909,,,,,,Inflation-adjusted coinsurance,,
J2185,Meropenem,100 MG,0.325,20.000,,,,,,,,
J2210,Methylergonovin maleate inj,0.2 MG,21.552,20.000,,,,,,,,
J2246,"Inj, micafungin (baxter)",1 MG,0.448,20.000,,,,,,,,
J2247,"Inj, micafungin (par pharm)",1 MG,0.219,20.000,,,,,,,,
J2248,Micafungin sodium injection,1 MG,0.180,20.000,,,,,,,,
J2250,Inj midazolam hydrochloride,1 MG,0.143,20.000,,,,,,,,
J2251,Inj midazolam in 0.9% nacl,1 MG,0.117,20.000,,,,,,,,
J2260,Inj milrinone lactate / 5 mg,5 MG,1.098,20.000,,,,,,,,
J2267,"Inj, mirikizumab-mrkz, 1 mg",1 MG,32.658,20.000,,,,,,"""lesser of"" methodology applied",,
J2270,Morphine sulfate injection,10 MG,8.087,20.000,,,,,,,,
J2272,"Inj, morphine (fresenius)",10 MG,8.455,20.000,,,,,,,,
J2274,Inj morphine pf epid ithc,10 MG,18.914,20.000,,,,,,,,
J2277,"Inj, motixafortide, 0.25 mg",0.25 MG,26.479,20.000,,,,,,,,
J2278,Ziconotide injection,1 MCG,10.793,19.949,,,,,,Inflation-adjusted coinsurance,,
J2280,"Inj, moxifloxacin 100 mg",100 MG,8.744,20.000,,,,,,,,
J2281,Inj moxifloxacin (fres kabi),100 MG,6.641,20.000,,,,,,,,
J2290,"Inj, nafcillin sodium, 20 mg",20 MG,0.047,20.000,,,,,,,,
J2291,"Inj, nafcillin (baxter) 20mg",20 MG,0.148,20.000,,,,,,,,
J2300,Inj nalbuphine hydrochloride,10 MG,4.287,20.000,,,,,,,,
J2305,"Inj, nitroglycerin, 5 mg",5 MG,1.557,20.000,,,,,,,,
J2312,"Inj naloxone hcl nos, 0.01mg",0.01 MG,0.069,20.000,,,,,,,,
J2315,"Naltrexone, depot form",1 MG,4.525,18.883,,,,,,Inflation-adjusted coinsurance,,
J2323,Natalizumab injection,1 MG,24.406,20.000,,,,,,,,
J2327,Inj risankizumab-rzaa 1 mg,1 MG,14.531,20.000,,,,,,,,
J2329,"Inj ublituximab-xiiy, 1 mg",1 MG,72.239,19.911,,,,,,Inflation-adjusted coinsurance,,
J2350,"Injection, ocrelizumab, 1 mg",1 MG,60.970,20.000,,,,,,,,
J2351,Inj ocrelizumab 1mg hya-ocsq,1 MG,48.060,19.376,,,,,,Inflation-adjusted coinsurance,,
J2353,"Octreotide injection, depot",1 MG,208.095,20.000,,,,,,,,
J2354,"Octreotide inj, non-depot",25 MCG,0.596,20.000,,,,,,,,
J2356,"Inj tezepelumab-ekko, 1mg",1 MG,17.920,20.000,,,,,,"""lesser of"" methodology applied",,
J2357,Omalizumab injection,5 MG,46.588,20.000,,,,,,"""lesser of"" methodology applied",,
J2358,Olanzapine long-acting inj,1 MG,3.199,20.000,,,,,,,,
J2359,"Inj. olanzapine, 0.5mg",0.5 MG,0.693,20.000,,,,,,,,
J2360,Orphenadrine injection,60 MG,7.777,20.000,,,,,,,,
J2371,Inj phenylephrine hcl 20 mcg,20 MCG,0.002,20.000,,,,,,,,
J2372,"Inj, biorphen, 20 micrograms",20 MCG,0.162,20.000,,,,,,,,
J2373,"Inj, immphentiv, 20 mcg",20 MCG,0.124,20.000,,,,,,,,
J2401,Chloroprocaine hcl injection,1 MG,0.042,20.000,,,,,,,,
J2403,"Chloroprocaine opht gel, 1mg",1 MG,0.721,20.000,,,,,,,,
J2404,"Inj, nicardipine 0.1 mg",0.1 MG,0.070,20.000,,,,,,,,
J2405,Ondansetron hcl injection,1 MG,0.088,20.000,,,,,,,,
J2406,"Injection, oritavancin 10 mg",10 MG,47.409,20.000,,,,,,,,
J2407,"Injection, oritavancin",10 MG,29.727,19.897,,,,,,Inflation-adjusted coinsurance,,
J2425,Palifermin injection,50 MCG,38.690,15.381,,,,,,Inflation-adjusted coinsurance,,
J2426,"Inj, invega sustenna, 1 mg",1 MG,15.431,20.000,,,,,,,,
J2427,"Inj, invega hafyera/trinza",1MG,13.262,20.000,,,,,,,,
J2428,"Inj, erzofri, 1 mg",1 MG,15.873,20.000,,,,,,,,
J2430,Pamidronate disodium /30 mg,30 MG,12.025,20.000,,,,,,,,
J2468,"Inj, palonosetron (posfrea)",25 MCG,55.230,20.000,,,,,,,,
J2469,Palonosetron hcl,25 MCG,0.574,20.000,,,,,,AMP-based payment limit,,
J2501,Paricalcitol,1 MCG,0.899,20.000,,,,,,,,
J2502,"Inj, pasireotide long acting",1 MG,616.708,14.170,,,,,,Inflation-adjusted coinsurance,,
J2506,Inj pegfilgrast ex bio 0.5mg,0.5 MG,143.233,20.000,,,,,,,,
J2507,Pegloticase injection,1 MG,3929.337,18.356,,,,,,Inflation-adjusted coinsurance,,
J2508,Pegunigalsidase alfa-iwxj,1 MG,225.665,20.000,,,,,,,,
J2516,Pentamidine non-comp unit,1 MG,0.160,20.000,,,,,,,,
J2540,Penicillin g potassium inj,600000 UNITS,0.637,20.000,,,,,,,,
J2543,Piperacillin/tazobactam,1.125 GM,1.218,20.000,,,,,,,,
J2545,Pentamidine non-comp unit,300 MG,72.997,20.000,,,,,,,,
J2550,Promethazine hcl injection,50 MG,3.639,20.000,,,,,,,,
J2560,Phenobarbital sodium inj,120 MG,24.769,20.000,,,,,,,,
J2562,Plerixafor injection,1 MG,28.489,20.000,,,,,,,,
J2596,Vasopressin (long grove) 1 u,1 UNIT,1.134,20.000,,,,,,,,
J2597,Inj desmopressin acetate,1 MCG,3.562,20.000,,,,,,,,
J2598,"Inj, vasopressin, 1 unit",1 UNIT,0.490,20.000,,,,,,,,
J2599,Inj vasopressin (am reg) 1 u,1 UNIT,0.834,20.000,,,,,,,,
J2601,"Inj, vasopressin (baxter)",1 UNIT,1.753,20.000,,,,,,,,
J2675,Inj progesterone per 50 mg,50 MG,0.559,20.000,,,,,,,,
J2679,Inj fluphenazine hcl 1.25 mg,1.25 MG,7.268,20.000,,,,,,,,
J2680,Fluphenazine decanoate 25 mg,25 MG,5.781,20.000,,,,,,,,
J2690,Procainamide hcl injection,1 GM,295.361,20.000,,,,,,,,
J2700,Oxacillin sodium injeciton,250 MG,0.763,20.000,,,,,,,,
J2704,"Inj, propofol, 10 mg",10 MG,0.089,20.000,,,,,,,,
J2720,Inj protamine sulfate/10 mg,10 MG,1.768,20.000,,,,,,,,
J2724,Protein c concentrate,10 UNITS,15.071,20.000,,,,,,,,
J2760,Phentolaine mesylate inj,5 MG,288.625,20.000,,,,,,,,
J2765,Metoclopramide hcl injection,10 MG,1.004,20.000,,,,,,,,
J2777,"Inj, faricimab-svoa, 0.1mg",0.1 MG,32.381,20.000,,,,,,,,
J2778,Ranibizumab injection,0.1 mg,51.090,20.000,,,,,,,,
J2779,"Inj, susvimo 0.1 mg",0.1 MG,74.795,20.000,,,,,,,,
J2781,"Inj, pegcetacoplan, 1mg",1 MG,148.944,20.000,,,,,,,,
J2782,Inj avacincaptad pegol 0.1mg,0.1 MG,103.203,20.000,,,,,,,,
J2783,Rasburicase,0.5 MG,387.453,20.000,,,,,,,,
J2785,Regadenoson injection,0.1 MG,2.790,20.000,,,,,,,,
J2786,"Injection, reslizumab, 1mg",1 MG,11.729,20.000,,,,,,,,
J2788,Rho d immune globulin 50 mcg,50 MCG (250 IU),25.542,20.000,,,,,,,,
J2790,Rho d immune globulin inj,300 MCG (1500 IU),85.125,20.000,,,,,,,,
J2791,Rhophylac injection,100 IU,4.878,20.000,,,,,,,,
J2792,"Rho(d) immune globulin h, sd",100 IU,35.791,20.000,,,,,,,,
J2794,"Inj risperdal consta, 0.5 mg",0.5 MG,11.105,20.000,,,,,,,,
J2795,Ropivacaine hcl injection,1 MG,0.039,20.000,,,,,,,,
J2798,"Inj., perseris, 0.5 mg",0.5 mg,12.204,20.000,,,,,,,,
J2799,"Inj, uzedy, 1 mg",1 MG,26.181,20.000,,,,,,,,
J2800,Methocarbamol injection,10 ML,4.509,20.000,,,,,,,,
J2802,"Inj, romiplostim 1 microgram",1 MCG,11.617,17.617,,,,,,Inflation-adjusted coinsurance,,
J2804,"Inj, rifampin, 1 mg",1 MG,0.172,20.000,,,,,,,,
J2805,Sincalide injection,5 MCG,110.462,20.000,,,,,,,,
J2820,Sargramostim injection,50 MCG,62.474,19.708,,,,,,Inflation-adjusted coinsurance,,
J2860,"Injection, siltuximab",10 MG,174.066,17.418,,,,,,Inflation-adjusted coinsurance,,
J2865,Inj sulfameth/trim 5 mg/1 mg,5MG-1MG,0.036,20.000,,,,,,,,
J2916,Na ferric gluconate complex,12.5 MG,2.197,20.000,,,,,,,,
J2919,"Inj, methylpred sod succ 5mg",5 MG,0.224,20.000,,,,,,,,
J2997,Alteplase recombinant,1 MG,98.587,20.000,,,,,,,,
J3000,Streptomycin injection,1 GM,26.883,20.000,,,,,,,,
J3010,Fentanyl citrate injection,0.1 MG,1.385,20.000,,,,,,,,
J3032,Inj. eptinezumab-jjmr 1 mg,1 MG,21.101,18.389,,,,,,Inflation-adjusted coinsurance,,
J3055,Inj talquetamab-tgvs 0.25 mg,0.25 MG,76.721,18.661,,,,,,Inflation-adjusted coinsurance,,
J3060,"Inj, taliglucerase alfa 10 u",10 UNITS,42.675,20.000,,,,,,,,
J3090,Inj tedizolid phosphate,1 MG,2.081,18.929,,,,,,Inflation-adjusted coinsurance,,
J3095,Telavancin injection,10 MG,7.484,20.000,,,,,,,,
J3101,Tenecteplase injection,1 MG,217.421,15.419,,,,,,Inflation-adjusted coinsurance,,
J3105,Terbutaline sulfate inj,1 MG,2.820,20.000,,,,,,,,
J3111,Inj. romosozumab-aqqg 1 mg,1 MG,12.732,18.176,,,,,,Inflation-adjusted coinsurance,,
J3121,Inj testostero enanthate 1mg,1 MG,0.053,20.000,,,,,,,,
J3145,Testosterone undecanoate 1mg,1 MG,2.149,18.133,,,,,,Inflation-adjusted coinsurance,,
J3230,Chlorpromazine hcl injection,50 MG,18.143,20.000,,,,,,,,
J3240,Thyrotropin injection,0.9 MG,2158.661,20.000,,,,,,,,
J3241,Inj. teprotumumab-trbw 10 mg,10 MG,379.900,20.000,,,,,,,,
J3243,Tigecycline injection,1 MG,0.517,20.000,,,,,,,,
J3245,"Inj., tildrakizumab, 1 mg",1 MG,124.273,20.000,,,,,,,,
J3246,Tirofiban hcl,0.25 MG,2.917,20.000,,,,,,,,
J3247,Inj secukinumab intrav 1mg,1 MG,18.233,20.000,,,,,,,,
J3250,Trimethobenzamide hcl inj,200 MG,62.935,20.000,,,,,,,,
J3260,Tobramycin sulfate injection,80 MG,2.186,20.000,,,,,,,,
J3262,Tocilizumab injection,1 MG,5.408,20.000,,,,,,,,
J3263,"Inj, toripalimab-tpzi, 1 mg",1 MG,40.893,20.000,,,,,,,,
J3285,Treprostinil injection,1 MG,54.740,20.000,,,,,,,,
J3299,Inj xipere 1 mg,1 MG,47.770,20.000,,,,,,,,
J3300,Triamcinolone a inj prs-free,1 MG,19.186,5.038,,,,,,Inflation-adjusted coinsurance,,
J3301,Triamcinolone acet inj nos,10 MG,0.996,20.000,,,,,,,,
J3304,Inj triamcinolone ace xr 1mg,1 MG,19.280,20.000,,,,,,,,
J3315,Triptorelin pamoate,3.75 MG,466.365,20.000,,,,,,,,
J3316,"Inj., triptorelin xr 3.75 mg",3.75 MG,3819.934,19.817,,,,,,Inflation-adjusted coinsurance,,
J3358,"Ustekinumab, iv inject, 1 mg",1 MG,11.356,20.000,,,,,,,,
J3360,Diazepam injection,5 MG,6.854,20.000,,,,,,,,
J3373,"Inj, vancomycin hcl, 10 mg",10 MG,0.033,20.000,,,,,,,,
J3374,"Inj, vancomycin (mylan) 10mg",10 MG,0.097,20.000,,,,,,,,
J3375,Inj vancomycin (xellia) 10mg,10 MG,0.142,20.000,,,,,,,,
J3376,Inj vancomycin (hikma) 10mg,10 MG,0.017,20.000,,,,,,,,
J3379,"Inj, valproate sod, 5 mg",5 MG,0.014,20.000,,,,,,,,
J3380,Inj vedolizumab iv 1 mg,1 MG,21.622,20.000,,,,,,,,
J3385,Velaglucerase alfa,100 UNITS,392.843,20.000,,,,,,,,
J3396,Verteporfin injection,0.1 MG,11.374,20.000,,,,,,,,
J3401,"Vyjuvek 5x10^9pfu/ml, 0.1 ml",0.1 ML,1032.437,20.000,,,,,,,,
J3402,Inj. remestemcel-l-rknd/ td,Per Therapeutic Dose,203659.763,20.000,,,,,,,,
J3410,Hydroxyzine hcl injection,25 MG,15.209,20.000,,,,,,,,
J3411,Thiamine hcl 100 mg,100 MG,1.596,20.000,,,,,,,,
J3415,Pyridoxine hcl 100 mg,100 MG,12.941,20.000,,,,,,,,
J3420,Vitamin b12 injection,1000 MCG,0.683,20.000,,,,,,,,
J3425,Hydroxocobalamin im 10mcg,10 MCG,0.007,20.000,,,,,,,,
J3430,Vitamin k phytonadione inj,1 MG,3.253,20.000,,,,,,,,
J3465,"Injection, voriconazole",10 MG,0.563,20.000,,,,,,,,
J3470,Hyaluronidase injection,150 UNITS,31.764,20.000,,,,,,,,
J3473,Hyaluronidase recombinant,1 USP UNIT,0.364,20.000,,,,,,,,
J3475,Inj magnesium sulfate,500 MG,0.446,20.000,,,,,,,,
J3480,Inj potassium chloride,2 MEQ,0.136,20.000,,,,,,,,
J3485,Zidovudine,10 MG,1.513,20.000,,,,,,,,
J3486,Ziprasidone mesylate,10 MG,5.602,20.000,,,,,,,,
J3489,Zoledronic acid 1mg,1 MG,3.361,20.000,,,,,,,,
J7030,Normal saline solution infus,1000 CC,2.181,20.000,,,,,,,,
J7040,Normal saline solution infus,500 ML,1.350,20.000,,,,,,,,
J7042,5% dextrose/normal saline,500 ML,1.215,20.000,,,,,,,,
J7050,Normal saline solution infus,250 CC,0.703,20.000,,,,,,,,
J7060,5% dextrose/water,500 ML,1.649,20.000,,,,,,,,
J7070,D5w infusion,1000 CC,2.847,20.000,,,,,,,,
J7120,Ringers lactate infusion,1000 CC,2.313,20.000,,,,,,,,
J7170,"Inj., emicizumab-kxwh 0.5 mg",0.5 MG,58.032,20.000,,,,,1,,,
J7171,"Inj, adzynma, 10 iu",10 UNITS,36.214,20.000,,,,,,,,
J7172,"Inj marstacim-hncq, 0.5 mg",0.5 MG,51.191,20.000,,,,,1,,,
J7173,"Inj. concizumab-mtci, 0.5 mg",0.5 MG,86.158,20.000,,,,,1,,,
J7174,Injection fitusiran 0.04 mg,0.04 MG,131.202,20.000,,,,,1,,,
J7175,"Inj, factor x, (human), 1iu",1 IU,9.953,20.000,,,,,1,,,
J7177,"Inj., fibryga, 1 mg",1 MG,1.233,20.000,,,,,1,,,
J7178,Inj human fibrinogen con nos,1 MG,1.488,20.000,,,,,1,,,
J7179,Vonvendi inj 1 iu vwf:rco,1 IU,1.811,20.000,,,,,1,,,
J7180,Factor xiii anti-hem factor,1 IU,11.235,20.000,,,,,1,,,
J7181,Factor xiii recomb a-subunit,1 IU,19.114,20.000,,,,,1,,,
J7182,Factor viii recomb novoeight,1 IU,1.443,20.000,,,,,1,,,
J7183,Wilate injection,1 I.U. VWF:RCO,1.326,20.000,,,,,1,,,
J7185,Xyntha inj,1 IU,1.371,20.000,,,,,1,,,
J7186,Antihemophilic viii/vwf comp,PER FACTOR VIII IU,1.269,20.000,,,,,1,,,
J7187,"Humate-p, inj",1 IU,1.535,20.000,,,,,1,,,
J7188,Factor viii recomb obizur,1 IU,3.236,20.000,,,,,1,,,
J7189,Factor viia recomb novoseven,1 MCG,2.772,20.000,,,,,1,,,
J7190,Factor viii,1 IU,1.246,20.000,,,,,1,,,
J7192,Factor viii recombinant nos,1 IU,1.580,20.000,,,,,1,,,
J7193,Factor ix non-recombinant,1 IU,1.403,20.000,,,,,1,,,
J7194,Factor ix complex,1 IU,1.747,20.000,,,,,1,,,
J7195,Factor ix recombinant nos,1 IU,1.864,20.000,,,,,1,,,
J7197,Antithrombin iii injection,1 IU,4.174,19.715,,,,,,Inflation-adjusted coinsurance,,
J7198,Anti-inhibitor,1 IU,2.447,20.000,,,,,1,,,
J7200,Factor ix recombinan rixubis,1 IU,1.717,20.000,,,,,1,,,
J7201,Factor ix alprolix recomb,1 IU,3.711,20.000,,,,,1,,,
J7202,Factor ix idelvion inj,1 IU,5.507,20.000,,,,,1,,,
J7203,Factor ix recomb gly rebinyn,1 IU,4.674,20.000,,,,,1,,,
J7204,Inj recombin esperoct per iu,1 IU,2.296,20.000,,,,,1,,,
J7205,Factor viii fc fusion recomb,1 IU,2.578,20.000,,,,,1,,,
J7207,Factor viii pegylated recomb,1 IU,2.119,20.000,,,,,1,,,
J7208,Inj. jivi 1 iu,1 IU,2.756,18.913,,,,,1,Inflation-adjusted coinsurance,,
J7209,Factor viii nuwiq recomb 1iu,1 IU,1.221,20.000,,,,,1,,,
J7210,"Inj, afstyla, 1 i.u.",1 IU,1.619,20.000,,,,,1,,,
J7211,"Inj, kovaltry, 1 i.u.",1 IU,1.595,19.832,,,,,1,Inflation-adjusted coinsurance,,
J7212,Factor viia recomb sevenfact,1 MCG,2.194,20.000,,,,,1,,,
J7213,"Inj, ixinity, 1 i.u.",1 IU,1.939,20.000,,,,,1,,,
J7214,Altuviiio per factor viii iu,1 IU,4.632,20.000,,,,,1,,,
J7308,Aminolevulinic acid hcl top,354 MG,389.280,20.000,,,,,,,,
J7311,"Inj., retisert, 0.01 mg",0.01 MG,338.804,20.000,,,,,,,,
J7312,Dexamethasone intra implant,0.1 MG,203.656,20.000,,,,,,,,
J7313,"Inj., iluvien, 0.01 mg",0.01 MG,516.406,20.000,,,,,,,,
J7318,"Inj, durolane 1 mg",1 MG,6.239,20.000,,,,,,,,
J7320,"Genvisc 850, inj, 1mg",1 MG,3.808,20.000,,,,,,,,
J7321,Hyalgan supartz visco-3 dose,per dose,70.282,20.000,,,,,,,,
J7322,Hymovis injection 1 mg,1 MG,18.131,20.000,,,,,,,,
J7323,Euflexxa inj per dose,per dose,98.137,20.000,,,,,,,,
J7324,Orthovisc inj per dose,PER DOSE,100.331,20.000,,,,,,,,
J7325,Synvisc or synvisc-one,1 MG,6.018,20.000,,,,,,,,
J7326,Gel-one,per dose,533.592,20.000,,,,,,,,
J7327,Monovisc inj per dose,PER DOSE,565.275,20.000,,,,,,,,
J7328,Gelsyn-3 injection 0.1 mg,0.1 MG,0.584,20.000,,,,,,,,
J7329,"Inj, trivisc 1 mg",1 MG,3.036,20.000,,,,,,,,
J7331,"Synojoynt, inj., 1 mg",1 MG,3.115,20.000,,,,,,,,
J7332,"Inj., triluron, 1 mg",1 MG,10.430,20.000,,,,,,,,
J7336,Capsaicin 8% patch,1 SQ CM,3.509,20.000,,,,,,,,
J7340,Carbidopa levodopa ent 100ml,100 ML,244.497,20.000,,,,,,,,
J7345,"Aminolevulinic acid, 10% gel",10 MG,1.848,20.000,,,,,,,,
J7351,Inj bimatoprost itc imp1mcg,1 MCG,213.756,20.000,,,,,,,,
J7354,"Cantharidin top, applicator",Per 3.2 mg single-use applicator,695.208,20.000,,,,,,,,
J7355,Inj travoprost intra impl,1 MCG,196.746,20.000,,,,,,,,
J7356,Inj foscarb/foslevodopa 5 mg,0.25 MG - 5 MG,0.702,20.000,,,,,,,,
J7402,Mometasone sinus sinuva,10 MCG,11.345,20.000,,,,,,,,
J7500,Azathioprine oral 50mg,50 MG,0.136,20.000,,,,,,,,
J7502,Cyclosporine oral 100 mg,100 MG,1.559,20.000,,,,,,,,
J7503,Tacrol envarsus ex rel oral,0.25 MG,1.863,19.609,,,,,,Inflation-adjusted coinsurance,,
J7504,Lymphocyte immune globulin,250 MG,5548.962,10.587,,,,,,Inflation-adjusted coinsurance,,
J7507,Tacrolimus imme rel oral 1mg,1 MG,0.200,20.000,,,,,,,,
J7508,Tacrol astagraf ex rel oral,0.1 MG,0.601,20.000,,,,,,,,
J7509,Methylprednisolone oral,4 MG,0.160,20.000,,,,,,,,
J7510,Prednisolone oral per 5 mg,5 MG,0.777,20.000,,,,,,,,
J7511,Antithymocyte globuln rabbit,25 MG,1057.791,19.878,,,,,,Inflation-adjusted coinsurance,,
J7512,Prednisone ir or dr oral 1mg,1 MG,0.004,20.000,,,,,,,,
J7514,Mycophenol (myhibbin) 100 mg,100 MG,2.296,19.156,,,,,,Inflation-adjusted coinsurance,,
J7515,Cyclosporine oral 25 mg,25 MG,0.552,20.000,,,,,,,,
J7516,"Inj, cyclosporine 250mg",250 MG,75.649,20.000,,,,,,,,
J7517,Mycophenolate mofetil oral,250 MG,0.131,20.000,,,,,,,,
J7518,Mycophenolic acid,180 MG,0.325,20.000,,,,,,,,
J7519,Inj. mycophenolate mofetil,10 MG,0.399,20.000,,,,,,,,
J7520,"Sirolimus, oral",1 MG,0.744,20.000,,,,,,,,
J7521,Tacrolim granules oral susp,0.1 MG,1.303,20.000,,,,,,,,
J7525,Tacrolimus injection,5 MG,268.176,20.000,,,,,,,,
J7527,Oral everolimus,0.25 MG,1.163,20.000,,,,,,,,
J7528,Mycophen mofetil for susp,100 MG,0.164,20.000,,,,,,,,
J7601,Ensifentrine inh 3 mg,3 MG,52.117,20.000,,,,,,,,
J7605,Arformoterol non-comp unit,15 mcg,0.742,20.000,,,,,,,,
J7606,"Formoterol fumarate, inh",20 MCG,1.547,20.000,,,,,,,,
J7608,Acetylcysteine non-comp unit,1 GM,7.274,20.000,,,,,,,,
J7611,Albuterol non-comp con,1 MG,0.232,20.000,,,,,,,,
J7612,Levalbuterol non-comp con,0.5 MG,0.343,20.000,,,,,,,,
J7613,Albuterol non-comp unit,1 MG,0.063,20.000,,,,,,,,
J7614,Levalbuterol non-comp unit,0.5 MG,0.075,20.000,,,,,,,,
J7620,Albuterol ipratrop non-comp,2.5 MG/0.5 MG,0.201,20.000,,,,,,,,
J7626,Budesonide non-comp unit,0.5 MG,1.092,20.000,,,,,,,,
J7631,Cromolyn sodium noncomp unit,10 MG,0.691,20.000,,,,,,,,
J7639,Dornase alfa non-comp unit,1 MG,56.780,20.000,,,,,,,,
J7644,Ipratropium bromide non-comp,1 MG,0.444,20.000,,,,,,,,
J7674,"Methacholine chloride, neb",1 MG,1.942,20.000,,,,,,Added July 2026,,
J7677,Revefenacin inh non-com 1mcg,1 MCG,0.198,20.000,,,,,,,,
J7682,Tobramycin non-comp unit,300 MG,12.305,20.000,,,,,,,,
J7686,"Treprostinil, non-comp unit", 1.74 MG,832.827,20.000,,,,,,,,
J8501,Oral aprepitant,5 MG,3.069,20.000,,,,,,,,
J8502,"Inj, aponvie, 1 mg",1 MG,1.998,20.000,,,,,,,,
J8515,"Cabergoline, oral 0.25mg",0.25 MG,0.302,20.000,,,,,,,,
J8522,"Capecitabine, oral, 50 mg",50 MG,0.080,20.000,,,,,,,,
J8530,Cyclophosphamide oral 25 mg,25 MG,1.491,20.000,,,,,,,,
J8540,Oral dexamethasone,0.25 MG,0.026,20.000,,,,,,,,
J8560,Etoposide oral 50 mg,50 MG,88.055,20.000,,,,,,,,
J8610,Methotrexate oral 2.5 mg,2.5 MG,0.154,20.000,,,,,,,,
J8611,Oral methotrexate (jylamvo),2.5 MG,16.467,20.000,,,,,,,,
J8612,Oral methotrexate (xatmep),2.5 MG,22.915,20.000,,,,,,,,
J8655,"Oral netupitant, palonosetro",0.5 MG,474.038,16.599,,,,,,Inflation-adjusted coinsurance,,
J8700,Temozolomide,5 MG,0.425,20.000,,,,,,,,
J8705,Topotecan oral,0.25 mg,125.334,20.000,,,,,,,,
J9000,Doxorubicin hcl injection,10 MG,2.710,20.000,,,,,,,,
J9011,"Datopotamab deruxtecan, 1 mg",1 MG,52.499,20.000,,,,,,,,
J9017,Arsenic trioxide injection,1 MG,5.069,20.000,,,,,,,,
J9021,"Inj, aspara, rylaze, 0.1 mg",0.1 MG,58.698,18.645,,,,,,Inflation-adjusted coinsurance,,
J9022,"Inj, atezolizumab,10 mg",10 MG,96.546,20.000,,,,,,,,
J9023,"Injection, avelumab, 10 mg",10 MG,108.636,19.686,,,,,,Inflation-adjusted coinsurance,,
J9024,Inj atezolizumb 5mg hya-tqjs,5 MG,32.554,19.545,,,,,,Inflation-adjusted coinsurance,,
J9025,Azacitidine injection,1 MG,0.401,20.000,,,,,,,,
J9026,"Inj, tarlatamab-dlle, 1 mg",1 MG,1612.421,20.000,,,,,,,,
J9027,Clofarabine injection,1 MG,16.245,20.000,,,,,,,,
J9028,"Inj, nogapendekin pmln, 1mcg",1 MCG,94.306,20.000,,,,,,,,
J9029,"Instill adstiladrin, tx dose",PER THERAPEUTIC DOSE,64331.614,20.000,,,,,,,,
J9030,Bcg live intravesical 1mg,1 MG,3.376,20.000,,,,,,,,
J9032,"Injection, belinostat, 10mg",10 MG,54.446,19.287,,,,,,Inflation-adjusted coinsurance,,
J9033,"Inj, bendamustine hcl, 1mg",1 MG,2.960,20.000,,,,,,,,
J9034,"Inj., bendeka 1 mg",1 MG,12.532,20.000,,,,,,,,
J9035,Bevacizumab injection,10 MG,74.823,20.000,,,,,,,,
J9036,Inj. belrapzo/bendamustine,1 MG,11.599,20.000,,,,,,AMP-based payment limit,,
J9038,Inj axatilimab-csfr 0.1 mg,0.1 MG,56.461,20.000,,,,,,,,
J9039,"Injection, blinatumomab",1 MCG,172.900,17.586,,,,,,Inflation-adjusted coinsurance,,
J9040,Bleomycin sulfate injection,15 UNITS,24.838,20.000,,,,,,,,
J9041,"Injection, bortezomib, 0.1mg",0.1 MG,2.037,20.000,,,,,,,,
J9042,Brentuximab vedotin inj,1 MG,279.207,16.848,,,,,,Inflation-adjusted coinsurance,,
J9043,Cabazitaxel injection,1 MG,233.730,20.000,,,,,,,,
J9045,Carboplatin injection,50 MG,3.153,20.000,,,,,,,,
J9047,"Injection, carfilzomib, 1 mg",1 MG,60.291,16.698,,,,,,Inflation-adjusted coinsurance,,
J9049,"Inj, bortezomib, hospira",0.1 MG,1.712,20.000,,,,,,,,
J9050,Carmustine injection,100 MG,240.011,20.000,,,,,,,,
J9053,Inj belantamab mafodot blmf,0.1 MG,36.250,20.000,,,,,,Added July 2026,,
J9054,Inj bortezomib boruzu 0.1 mg,0.1 MG,24.747,20.000,,,,,,,,
J9055,Cetuximab injection,10 MG,81.666,20.000,,,,,,,,
J9056,"Inj, vivimusta, 1 mg",1 MG,29.913,20.000,,,,,,,,
J9060,Cisplatin 10 mg injection,10 MG,2.130,20.000,,,,,,,,
J9061,"Inj, amivantamab-vmjw",2 MG,23.219,18.374,,,,,,Inflation-adjusted coinsurance,,
J9062,Inj amivantamab 5mg hyaluron,5 MG,40.743,20.000,,,,,,Added July 2026,,
J9063,"Inj, elahere, 1 mg",1 MG,71.991,19.874,,,,,,Inflation-adjusted coinsurance,,
J9065,Inj cladribine per 1 mg,1 MG,8.188,20.000,,,,,,,,
J9071,Inj cyclophosphamd auromedic,5 MG,0.490,20.000,,,,,,,,
J9072,Inj cyclophos frindovyx 5 mg,5 MG,8.922,20.000,,,,,,,,
J9073,Inj cyclophos dr reddys 5 mg,5 MG,0.498,20.000,,,,,,,,
J9074,"Inj, cyclophosphamd, sandoz",5 MG,3.438,20.000,,,,,,,,
J9075,"Inj, cyclophosphamide, nos",5 MG,0.575,20.000,,,,,,,,
J9076,"Inj, cyclophos (baxter) 5mg",5 MG,4.387,20.000,,,,,,,,
J9100,Cytarabine hcl 100 mg inj,100 MG,0.853,20.000,,,,,,,,
J9118,Inj. calaspargase pegol-mknl,10 UNIT,85.789,20.000,,,,,,,,
J9119,"Inj., cemiplimab-rwlc, 1 mg",1 MG,29.668,20.000,,,,,,,,
J9120,Dactinomycin injection,0.5 MG,307.411,20.000,,,,,,,,
J9130,Dacarbazine 100 mg inj,100 MG,3.463,20.000,,,,,,,,
J9144,"Daratumumab, hyaluronidase",10 MG,57.051,19.675,,,,,,Inflation-adjusted coinsurance,,
J9145,"Injection, daratumumab 10 mg",10 MG,73.770,19.429,,,,,,Inflation-adjusted coinsurance,,
J9150,Daunorubicin injection,10 MG,28.810,20.000,,,,,,,,
J9153,"Inj daunorubicin, cytarabine",1 MG/2.27 MG,272.886,18.482,,,,,,Inflation-adjusted coinsurance,,
J9155,Degarelix injection,1 MG,4.481,20.000,,,,,,,,
J9161,Inj denileuk difti-cxdl 1mcg,1 MCG,12.826,20.000,,,,,,Added July 2026,,
J9171,Docetaxel injection,1 MG,0.456,20.000,,,,,,,,
J9172,"Docetaxel (docivyx), 1 mg",1 MG,46.287,20.000,,,,,,,,
J9173,"Inj., durvalumab, 10 mg",10 MG,87.950,20.000,,,,,,,,
J9174,"Inj, docetaxel (beizray) 1mg",1 MG,46.808,20.000,,,,,,Added July 2026,,
J9176,"Injection, elotuzumab, 1mg",1 MG,8.189,20.000,,,,,,,,
J9177,Inj enfort vedo-ejfv 0.25mg,0.25 MG,36.658,19.716,,,,,,Inflation-adjusted coinsurance,,
J9178,"Inj, epirubicin hcl, 2 mg",2 MG,1.994,20.000,,,,,,,,
J9179,Eribulin mesylate injection,0.1 MG,59.979,20.000,,,,,,,,
J9181,Etoposide injection,10 MG,1.018,20.000,,,,,,,,
J9183,Gemcitabine intravesical sys,225 MG,72984.241,20.000,,,,,,,,
J9184,Inj gemcitabin (avyxa) 200mg,200 MG,400.334,20.000,,,,,,,,
J9185,Fludarabine phosphate inj,50 MG,206.299,20.000,,,,,,,,
J9190,Fluorouracil injection,500 MG,2.024,20.000,,,,,,,,
J9200,Floxuridine injection,500 MG,4396.492,20.000,,,,,,,,
J9201,In gemcitabine hcl nos 200mg,200 MG,2.884,20.000,,,,,,,,
J9203,Gemtuzumab ozogamicin 0.1 mg,0.1 MG,247.370,20.000,,,,,,,,
J9204,"Inj mogamulizumab-kpkc, 1 mg",1 MG,258.536,20.000,,,,,,,,
J9205,Inj irinotecan liposome 1 mg,1 MG,65.861,20.000,,,,,,,,
J9206,Irinotecan injection,20 MG,1.851,20.000,,,,,,AMP-based payment limit,,
J9207,Ixabepilone injection,1 MG,139.754,19.945,,,,,,Inflation-adjusted coinsurance,,
J9208,Ifosfamide injection,1 GM,27.613,20.000,,,,,,,,
J9209,Mesna injection,200 MG,1.305,20.000,,,,,,,,
J9210,"Inj., emapalumab-lzsg, 1 mg",1 MG,392.780,20.000,,,,,,,,
J9211,Idarubicin hcl injection,5 MG,38.132,20.000,,,,,,,,
J9217,Leuprolide acetate suspnsion,7.5 MG,160.342,20.000,,,,,,,,
J9223,"Inj. lurbinectedin, 0.1 mg",0.1 MG,215.950,20.000,,,,,,,,
J9226,Supprelin la implant,50 MG,37491.974,20.000,,,,,,,,
J9227,Inj. isatuximab-irfc 10 mg,10 MG,88.160,19.096,,,,,,Inflation-adjusted coinsurance,,
J9228,Ipilimumab injection,1 MG,190.432,20.000,,,,,,,,
J9229,Inj inotuzumab ozogam 0.1 mg,0.1 MG,2873.103,20.000,,,,,,,,
J9232,Inj docetaxel (hospira) 1 mg,1 MG,0.512,20.000,,,,,,Added July 2026,,
J9245,Inj melpha hydroch nos 50 mg,50 MG,104.898,20.000,,,,,,,,
J9246,"Inj., evomela, 1 mg",1 MG,18.044,20.000,,,,,,,,
J9248,Inj melphalan (hepzato) 1 mg,1 MG,801.479,20.000,,,,,,,,
J9256,"Inj, nipocalimab-aahu, 3 mg",3 MG,32.568,20.000,,,,,,,,
J9260,Inj methotrexate sodium 50mg,50 MG,2.941,20.000,,,,,,,,
J9261,Nelarabine injection,50 MG,65.407,20.000,,,,,,,,
J9263,Oxaliplatin,0.5 MG,0.055,20.000,,,,,,AMP-based payment limit,,
J9264,Paclitaxel protein bound,1 MG,6.586,20.000,,,,,,,,
J9266,Pegaspargase injection,1 EA,29663.965,18.061,,,,,,Inflation-adjusted coinsurance,,
J9267,Paclitaxel injection,1 MG,0.112,20.000,,,,,,,,
J9268,Pentostatin injection,10 MG,2697.987,18.167,,,,,,Inflation-adjusted coinsurance,,
J9269,Inj. tagraxofusp-erzs 10 mcg,10 MCG,357.522,19.755,,,,,,Inflation-adjusted coinsurance,,
J9271,Inj pembrolizumab,1 MG,60.645,20.000,,,,,,,,
J9272,"Inj, dostarlimab-gxly, 10 mg",10 MG,251.298,20.000,,,,,,,,
J9273,"Inj tisotu vedotin-tftv, 1mg",1 MG,196.121,18.702,,,,,,Inflation-adjusted coinsurance,,
J9274,"Inj, tebentafusp-tebn, 1 mcg",1 MCG,228.006,19.624,,,,,,Inflation-adjusted coinsurance,,
J9276,"Inj zanidatamab-hrii, 2 mg",2 MG,25.663,20.000,,,,,,,,
J9277,Pembrolizumab 1mg berahyalur,1 MG,31.940,20.000,,,,,,,,
J9278,"Inj, carboplatin (avyxa) ",1 MG,5.203,20.000,,,,,,,,
J9280,Mitomycin injection,5 MG,34.107,20.000,,,,,,,,
J9281,Mitomycin instillation,1 MG,329.937,20.000,,,,,,,,
J9282,Mitomycin intravesical inst,1 MG,274.342,20.000,,,,,,,,
J9286,"Inj glofitamab gxbm, 2.5 mg",2.5 MG,2864.678,20.000,,,,,,,,
J9289,Inj nivolumab 2 mg hyaluron,2 MG,28.140,19.717,,,,,,Inflation-adjusted coinsurance,,
J9292,"Inj, pemetrexed dipotassium",10 MG,73.670,20.000,,,,,,,,
J9293,Mitoxantrone hydrochl / 5 mg,5 MG,29.702,20.000,,,,,,,,
J9294,"Inj pemetrexed, hospira 10mg",10 MG,2.943,20.000,,,,,,,,
J9297,Inj pemetrexed (sandoz) 10mg,10 MG,4.879,5.653,,,,,,Inflation-adjusted coinsurance,,
J9298,Inj nivol relatlimab 3mg/1mg,3 mg/1 mg,205.511,19.778,,,,,,Inflation-adjusted coinsurance,,
J9299,"Injection, nivolumab",1 MG,34.222,20.000,,,,,,,,
J9301,Obinutuzumab inj,10 MG,84.463,18.966,,,,,,Inflation-adjusted coinsurance,,
J9303,Panitumumab injection,10 MG,182.189,17.551,,,,,,Inflation-adjusted coinsurance,,
J9304,"Inj. pemetrexed, 10 mg",10 MG,7.994,20.000,,,,,,,,
J9305,Inj. pemetrexed nos 10mg,10 MG,6.952,20.000,,,,,,,,
J9306,"Injection, pertuzumab, 1 mg",1 MG,17.200,19.560,,,,,,Inflation-adjusted coinsurance,,
J9307,Pralatrexate injection,1 MG,386.122,20.000,,,,,,,,
J9308,"Injection, ramucirumab",5 MG,76.565,20.000,,,,,,,,
J9309,"Inj, polatuzumab vedotin 1mg",1 MG,143.611,19.666,,,,,,Inflation-adjusted coinsurance,,
J9311,"Inj rituximab, hyaluronidase",10 mg,36.389,20.000,,,,,,,,
J9312,"Inj., rituximab, 10 mg",10 MG,73.278,20.000,,,,,,,,
J9314,Inj pemetrexed (teva) 10mg,10 MG,10.986,20.000,,,,,,,,
J9316,"Pertuzu, trastuzu, 10 mg",10 MG,59.895,20.000,,,,,,,,
J9317,Sacituzumab govitecan-hziy,2.5 MG,37.640,20.000,,,,,,,,
J9319,Inj romidepsin lyophil 0.1mg,0.1 MG,30.713,20.000,,,,,,,,
J9321,Inj epcoritamab-bysp 0.16 mg,0.16 MG,57.992,19.740,,,,,,Inflation-adjusted coinsurance,,
J9324,"Inj, pemrydi rtu, 10 mg",10 MG,67.935,20.000,,,,,,,,
J9325,Inj talimogene laherparepvec,1 million PFU,77.339,18.172,,,,,,Inflation-adjusted coinsurance,,
J9326,Telisotuzumab vedotin-tllv,1 MG,146.060,20.000,,,,,,,,
J9328,Temozolomide injection,1 MG,10.408,20.000,,,,,,,,
J9329,"Inj, tislelizumab-jsgr",1 MG,58.169,20.000,,,,,,,,
J9330,Temsirolimus injection,1 MG,32.681,20.000,,,,,,,,
J9331,Inj sirolimus prot part 1 mg,1 MG,91.030,20.000,,,,,,,,
J9332,Inj efgartigimod 2mg,2 MG,32.553,20.000,,,,,,,,
J9333,Inj rozanolixizum-noli 1 mg,1 MG,23.588,20.000,,,,,,,,
J9334,Inj efgart-alfa 2mg hya-qvfc,2 MG,34.258,20.000,,,,,,,,
J9341,Inj thiotepa (tepylute) 1 mg,1 MG,36.640,20.000,,,,,,,,
J9342,Inj thiotepa nos 1 mg,1 MG,4.931,20.000,,,,,,,,
J9345,"Inj, retifanlimab-dlwr, 1 mg",1 MG,30.981,20.000,,,,,,,,
J9347,"Inj, tremelimumab-actl, 1 mg",1 MG,146.894,20.000,,,,,,,,
J9348,"Inj. naxitamab-gqgk, 1 mg",1 MG,684.898,20.000,,,,,,,,
J9349,"Inj., tafasitamab-cxix",2 MG,14.429,20.000,,,,,,,,
J9350,"Inj mosunetuzumab-axgb, 1 mg",1 MG,674.495,20.000,,,,,,,,
J9351,Topotecan injection,0.1 MG,2.759,20.000,,,,,,,,
J9352,Injection trabectedin 0.1mg,0.1 MG,410.479,19.642,,,,,,Inflation-adjusted coinsurance,,
J9353,"Inj. margetuximab-cmkb, 5 mg",5 MG,56.442,18.851,,,,,,Inflation-adjusted coinsurance,,
J9354,"Inj, ado-trastuzumab emt 1mg",1 MG,43.626,19.469,,,,,,Inflation-adjusted coinsurance,,
J9355,Inj trastuzumab excl biosimi,10 MG,70.243,20.000,,,,,,,,
J9356,"Inj. herceptin hylecta, 10mg",10 MG,58.344,20.000,,,,,,,,
J9357,Valrubicin injection,200 MG,1247.047,20.000,,,,,,,,
J9358,Inj fam-trastu deru-nxki 1mg,1 MG,32.874,18.374,,,,,,Inflation-adjusted coinsurance,,
J9359,Inj lon tesirin-lpyl 0.075mg,0.075 MG,226.608,20.000,,,,,,,,
J9360,Vinblastine sulfate inj,1 MG,5.608,20.000,,,,,,,,
J9370,Vincristine sulfate 1 mg inj,1 MG,9.529,20.000,,,,,,,,
J9380,Inj teclistamab cqyv 0.5 mg,0.5 MG,35.323,19.043,,,,,,Inflation-adjusted coinsurance,,
J9381,Inj teplizumab mzwv 5 mcg,5 MCG,39.217,20.000,,,,,,,,
J9382,Inj zenocutuzumab-zbco 1 mg,1 MG,33.863,19.707,,,,,,Inflation-adjusted coinsurance,,
J9390,Vinorelbine tartrate inj,10 MG,4.290,20.000,,,,,,,,
J9394,"Inj, fulvestrant (fresenius)",25 MG,27.112,20.000,,,,,,,,
J9395,"Injection, fulvestrant",25 MG,5.277,20.000,,,,,,,,
J9400,"Inj, ziv-aflibercept, 1mg",1 MG,8.674,20.000,,,,,,,,
J9601,Inj linvoseltamab-gcpt 1 mg ,1 MG,99.305,20.000,,,,,,,,
P9041,"Albumin (human),5%, 50ml",50 ML,10.616,20.000,,,95,10.616,,,,
P9045,"Albumin (human), 5%, 250 ml",250 ML,53.079,20.000,,,95,53.079,,,,
P9046,"Albumin (human), 25%, 20 ml",20 ML,21.330,20.000,,,95,21.330,,,,
P9047,"Albumin (human), 25%, 50ml",50 ML,53.324,20.000,,,95,53.324,,,,
Q0138,"Ferumoxytol, non-esrd",1 MG,0.370,20.000,,,,,,,,
Q0139,"Ferumoxytol, esrd use",1 MG,0.370,20.000,,,,,,,,
Q0162,Ondansetron oral,1 MG,0.016,20.000,,,,,,,,
Q0167,Dronabinol 2.5mg oral,2.5 MG,1.869,20.000,,,,,,,,
Q0224,"Inj, pemivibart, 4500 mg",4500 MG,7239.000,0.000,95,7239.000,,,,See COVID-19 vaccine pricing webpage for payment effective dates ,,
Q0234,"Inj, tocilizumab-bavi, 1mg",1 MG,6.327,20.000,95,6.327,,,,Added July 2026 - See COVID-19 vaccine pricing webpage for payment effective dates ,,
Q0237,"Inj, tocilizumab-anoh, hospi",1 MG,4.920,0.000,95,4.920,,,,See COVID-19 vaccine pricing webpage for payment effective dates ,,
Q0238,"Inj, tocilizumab-aazg, hospi",1 MG,5.581,0.000,95,5.581,,,,See COVID-19 vaccine pricing webpage for payment effective dates ,,
Q0249,Tocilizumab for covid-19,1 MG,7.569,0.000,95,7.569,,,,See COVID-19 vaccine pricing webpage for payment effective dates,,
Q2041,Axicabtagene ciloleucel car+,UP TO 200 MILLION CAR T CELLS,562500.892,17.480,,,,,,Inflation-adjusted coinsurance,,
Q2042,Tisagenlecleucel car-pos t,up to 600 million CAR-positive viable T cells,611693.171,17.295,,,,,,Inflation-adjusted coinsurance,,
Q2043,Sipuleucel-t auto cd54+,Per infusion (minimum 50 million cells),55932.427,20.000,,,,,,,,
Q2050,Doxorubicin inj 10mg,10 MG,116.605,20.000,,,,,,,,
Q2053,Brexucabtagene car pos t,UP TO 200 MILLION AUTOLOGOUS ANTI-CD19 CAR POSITIVE VIABLE T CELLS,510103.919,19.275,,,,,,Inflation-adjusted coinsurance,,
Q2054,Lisocabtagene mara car pos t,"Up to 110 million CAR-positive viable T cells, per therapeutic dose",579570.614,17.881,,,,,,Inflation-adjusted coinsurance,,
Q2055,Idecabtagene vicleucel car,UP TO 510 MILLION AUTOLOGOUS ANTI-BCMA CAR-POSITIVE VIABLE T CELLS,567977.780,18.655,,,,,,Inflation-adjusted coinsurance,,
Q2056,Ciltacabtagene car-pos t,up to 100 million autologous b-cell maturation antigen (bcma) directed car-positive t cells,587977.755,18.406,,,,,,Inflation-adjusted coinsurance,,
Q2057,Afamitresgene autoleucel,PER THERAPEUTIC DOSE,813967.375,20.000,,,,,,,,
Q4081,"Epoetin alfa, 100 units esrd",100 UNITS,0.688,20.000,,,,,,,,
Q5098,"Inj ustekinumab-srlf, 1 mg",1 MG,11.551,20.000,,,,,,"Added July 2026 - ""lesser of"" methodology applied",,
Q5099,"Inj ustekinumab-stba, 1 mg",1 MG,3.075,20.000,,,,,,"""lesser of"" methodology applied; 8% of reference add-on applied",,
Q5100,"Inj ustekinumab-kfce, 1 mg",1 MG,3.290,20.000,,,,,,"""lesser of"" methodology applied; 8% of reference add-on applied",,
Q5101,"Injection, zarxio",1 MCG,0.353,20.000,,,,,,8% of reference add-on applied,,
Q5103,"Injection, inflectra",10 MG,27.710,20.000,,,,,,8% of reference add-on applied,,
Q5104,"Injection, renflexis",10 MG,26.615,20.000,,,,,,8% of reference add-on applied,,
Q5105,Inj retacrit esrd on dialysi,100 UNITS,0.797,20.000,,,,,,,,
Q5106,Inj retacrit non-esrd use,1000 UNITS,7.968,20.000,,,,,,,,
Q5107,Inj mvasi 10 mg,10 MG,24.533,20.000,,,,,,8% of reference add-on applied,,
Q5108,"Injection, fulphila",0.5 MG,67.024,20.000,,,,,,8% of reference add-on applied,,
Q5110,Nivestym,1 MCG,0.322,20.000,,,,,,8% of reference add-on applied,,
Q5111,"Injection, udenyca 0.5 mg",0.5 MG,149.133,20.000,,,,,,AMP-based payment limit,,
Q5112,Inj ontruzant 10 mg,10 MG,20.989,20.000,,,,,,AMP-based payment limit,,
Q5113,Inj herzuma 10 mg,10 MG,54.942,20.000,,,,,,8% of reference add-on applied,,
Q5114,Inj ogivri 10 mg,10 MG,31.945,20.000,,,,,,8% of reference add-on applied,,
Q5115,Inj truxima 10 mg,10 MG,34.563,20.000,,,,,,8% of reference add-on applied,,
Q5116,"Inj., trazimera, 10 mg",10 MG,13.033,20.000,,,,,,8% of reference add-on applied,,
Q5117,"Inj., kanjinti, 10 mg",10 MG,60.522,20.000,,,,,,8% of reference add-on applied,,
Q5118,"Inj., zirabev, 10 mg",10 MG,25.889,20.000,,,,,,8% of reference add-on applied,,
Q5119,"Inj ruxience, 10 mg",10 MG,16.160,20.000,,,,,,8% of reference add-on applied,,
Q5120,Inj pegfilgrastim-bmez 0.5mg,0.5 MG,132.096,20.000,,,,,,8% of reference add-on applied,,
Q5121,"Inj. avsola, 10 mg",10 MG,30.830,20.000,,,,,,8% of reference add-on applied,,
Q5122,"Inj, nyvepria",0.5 MG,136.911,20.000,,,,,,8% of reference add-on applied,,
Q5123,"Inj. riabni, 10 mg",10 MG,18.533,20.000,,,,,,8% of reference add-on applied,,
Q5124,"Inj. byooviz, 0.1 mg",0.1 MG,240.972,20.000,,,,,,,,
Q5125,"Inj, releuko 1 mcg",1 MCG,0.311,20.000,,,,,,8% of reference add-on applied,,
Q5126,Inj alymsys 10 mg,10 MG,79.944,20.000,,,,,,,,
Q5127,"Inj, stimufend, 0.5 mg",0.5 MG,143.673,20.000,,,,,,,,
Q5128,"Inj, cimerli, 0.1 mg",0.1 MG,82.528,20.000,,,,,,,,
Q5129,"Inj, vegzelma, 10 mg",10 MG,23.647,20.000,,,,,,8% of reference add-on applied,,
Q5130,"Inj, fylnetra, 0.5 mg",0.5 MG,105.109,20.000,,,,,,8% of reference add-on applied,,
Q5133,"Inj, tofidence, 1 mg",1 MG,5.013,20.000,,,,,,8% of reference add-on applied,,
Q5134,"Inj, tyruko, 1 mg",1 MG,24.494,20.000,,,,,,,,
Q5135,"Inj, tyenne, 1 mg",1 MG,4.056,20.000,,,,,,8% of reference add-on applied,,
Q5136,"Inj. denosumab-bbdz, 1 mg",1 MG,27.665,20.000,,,,,,8% of reference add-on applied,,
Q5138,"Inj, wezlana, iv, 1 mg",1 MG,2.354,20.000,,,,,,8% of reference add-on applied,,
Q5146,"Inj, hercessi, 10 mg",10 MG,32.460,20.000,,,,,,8% of reference add-on applied,,
Q5147,"Inj, aflibercept-ayyh, 1 mg",1 MG,803.255,20.000,,,,,,,,
Q5148,"Inj, nyposi 1 mcg",1 MCG,1.034,20.000,,,,,,,,
Q5151,"Inj, eculizumab-aagh, 2 mg",2 MG,31.767,20.000,,,,,,8% of reference add-on applied,,
Q5152,"Inj, eculizumab-aeeb, 2 mg",2 MG,41.156,20.000,,,,,,8% of reference add-on applied,,
Q5156,"Inj, tocilizumab-anoh, 1 mg",1 MG,4.692,20.000,,,,,,8% of reference add-on applied,,
Q5157,"Inj, denosumab-bmwo, 1 mg",1 MG,25.979,20.000,,,,,,8% of reference add-on applied,,
Q5158,"Inj, denosumab-bnht, 1 mg",1 MG,28.818,20.000,,,,,,8% of reference add-on applied,,
Q5160,"Inj, jobevne, 10 mg",10 MG,82.236,20.000,,,,,,Added July 2026,,
Q5162,"Inj, denosumab-nxxp, 1 mg",1 MG,15.660,20.000,,,,,,8% of reference add-on applied,,
Q9950,Inj sulf hexa lipid microsph,1 ML,18.126,20.000,,,,,,,,
Q9956,"Inj octafluoropropane mic,ml",1 ML,40.854,20.000,,,,,,,,
Q9957,"Inj perflutren lip micros,ml",1 ML,40.854,20.000,,,,,,,,
Q9958,"Hocm <=149 mg/ml iodine, 1ml",1 ML,0.077,20.000,,,,,,,,
Q9961,"Hocm 250-299mg/ml iodine,1ml",1 ML,0.224,20.000,,,,,,,,
Q9963,"Hocm 350-399mg/ml iodine,1ml",1 ML,0.214,20.000,,,,,,,,
Q9965,"Locm 100-199mg/ml iodine,1ml",1 ML,0.750,20.000,,,,,,,,
Q9966,"Locm 200-299mg/ml iodine,1ml",1 ML,0.435,20.000,,,,,,,,
Q9967,"Locm 300-399mg/ml iodine,1ml",1 ML,0.155,20.000,,,,,,,,
Q9991,Buprenorph xr 100 mg or less,Less than or equal to 100 MG,2068.155,20.000,,,,,,,,
Q9992,Buprenorphine xr over 100 mg,Greater than 100 MG,2068.155,20.000,,,,,,,,
Q9997,Ustekinumab-ttwe iv inj 1 mg,1 MG,8.552,20.000,,,,,,8% of reference add-on applied,,
Q9998,"Inj ustekinumab-aekn, 1 mg",1 MG,10.529,20.000,,,,,,"""lesser of"" methodology applied; 8% of reference add-on applied",,
Q9999,Inj ustekinumab-aauz 1 mg,1 MG,13.154,20.000,,,,,,"""lesser of"" methodology applied",,
